{
  "fill": "automatic",
  "groups": [
    {
      "hidden": false,
      "layers": [
        {
          "image-name": "layer_0.png",
          "name": "layer_0",
          "fill": "automatic",
          "hidden": false,
          "glass": true
        }
      ],
      "shadow": {
        "kind": "layer-color",
        "opacity": 0.5
      },
      "translucency": {
        "enabled": true,
        "value": 0.4
      },
      "lighting": "individual",
      "specular": true
    },
    {
      "hidden": false,
      "layers": [
        {
          "image-name": "layer_1.png",
          "name": "layer_1",
          "fill": "automatic",
          "hidden": false
        }
      ],
      "shadow": {
        "kind": "layer-color",
        "opacity": 0.5
      },
      "translucency": {
        "enabled": true,
        "value": 0.4
      },
      "lighting": "combined",
      "specular": true
    },
    {
      "hidden": false,
      "layers": [
        {
          "image-name": "layer_2.png",
          "name": "layer_2",
          "fill": "automatic",
          "hidden": false
        }
      ],
      "shadow": {
        "kind": "layer-color",
        "opacity": 0.5
      },
      "translucency": {
        "enabled": true,
        "value": 0.4
      },
      "lighting": "combined",
      "specular": true
    },
    {
      "hidden": false,
      "layers": [
        {
          "image-name": "layer_3.png",
          "name": "layer_3",
          "fill": "automatic",
          "hidden": false
        }
      ],
      "shadow": {
        "kind": "layer-color",
        "opacity": 0.5
      },
      "translucency": {
        "enabled": true,
        "value": 0.4
      },
      "lighting": "combined",
      "specular": true
    },
    {
      "hidden": false,
      "layers": [
        {
          "image-name": "layer_4.png",
          "name": "layer_4",
          "fill": "automatic",
          "hidden": false
        }
      ],
      "shadow": {
        "kind": "layer-color",
        "opacity": 0.5
      },
      "translucency": {
        "enabled": true,
        "value": 0.4
      },
      "lighting": "combined",
      "specular": true
    },
    {
      "hidden": false,
      "layers": [
        {
          "image-name": "layer_5.png",
          "name": "layer_5",
          "fill": "automatic",
          "hidden": false
        }
      ],
      "shadow": {
        "kind": "layer-color",
        "opacity": 0.5
      },
      "translucency": {
        "enabled": true,
        "value": 0.4
      },
      "lighting": "combined",
      "specular": true
    },
    {
      "hidden": false,
      "layers": [
        {
          "image-name": "layer_6.png",
          "name": "layer_6",
          "fill": "automatic",
          "hidden": false
        }
      ],
      "shadow": {
        "kind": "layer-color",
        "opacity": 0.5
      },
      "translucency": {
        "enabled": true,
        "value": 0.4
      },
      "lighting": "combined",
      "specular": true
    }
  ],
  "supported-platforms": {
    "circles": [
      "watchOS"
    ],
    "squares": "shared"
  }
}